fiscal_year,priority,service,department,program,division,description,item_category,fund,approved_amount,actual_amount,recommended_amount,primary_function,sub_function
2024,Fleet Maintenance,Main,,,,Sale of Scrap,Miscellaneous,Fleet Maintenance,1060.0000,1224.0000,1060.0000,General Government,
2024,Police,Main,,,,Tow Fee Admin,Miscellaneous,General,0.0000,4825.0000,0.0000,Public Safety,
2024,Utilities,Default,,,,Metered Sales Commercial,Operating Revenues,Sewage Utility Operating,4060000.0000,4987653.7300,4060000.0000,Utilities,
2024,Parks & Recreation,Golf Services,,,,Other Services,Charges for Services,Park and Recreation - Operating,75000.0000,76576.3400,75000.0000,Culture & Recreation,
2024,Utilities,Default,,,,Metered Sales Industrial,Operating Revenues,Sewage Utility Operating,570000.0000,1141319.2500,570000.0000,Utilities,
2024,Parks & Recreation,Administration,,,,Transaction Fees,Charges for Services,Park Nonreverting Operating,35000.0000,27033.7500,35000.0000,Culture & Recreation,
2024,Mayor's Office,Main,,,,Other Reimbursements,Miscellaneous,General,0.0000,-223.1600,0.0000,General Government,
2024,HAND,Title 6,,,,Neighborhood Violations,Fines and Forfeitures,General,22000.0000,0.0000,22000.0000,Urban Redevelopment,
2024,Utilities,Default,,,,Metered Sales Public Authority,Operating Revenues,Sewage Utility Operating,3552500.0000,4138149.8400,3552500.0000,Utilities,
2024,Legal,Main,,,,Refunds,Miscellaneous,Self-Insurance,0.0000,5490.3000,0.0000,General Government,
2024,Parks & Recreation,Adult Sports-Softball,,,,Player Fees,Charges for Services,Park Nonreverting Operating,0.0000,13760.0000,0.0000,Culture & Recreation,
2024,HAND,4th Street Garage,,,,Interest on Investments,Miscellaneous,2019 4th St Garage Debt Res F523,0.0000,63343.2400,0.0000,Urban Redevelopment,
2024,Public Works,Main,,,,Residential Neighborhood Permits Zone #11,Charges for Services,Alternative Transport(S6301),0.0000,4795.0000,0.0000,Highway & Streets,
2024,HAND,South Walnut Area,,,,General Property Tax,Taxes,Consolidated TIF,0.0000,34136.4900,0.0000,Substainable & Economic,
2024,Utilities,Default,,,,Metered Sales Multiple Family,Operating Revenues,Sewage Utility Operating,7919065.0000,10066729.8200,7919065.0000,Utilities,
2024,Engineering,Comcast Fountain Dr,,,,Grant - Other,Miscellaneous,Grants Non Approp,0.0000,-32000.0000,64000.0000,Highway & Streets,
2024,Parks & Recreation,Administration,,,,Vending,Charges for Services,Park Nonreverting Operating,0.0000,48.0200,0.0000,Culture & Recreation,
2024,Controller's Office,Main,,,,Inter-Fund Transfers,Other,General,0.0000,-250000.0000,0.0000,General Government,
2024,HAND,Tapp Road Expansion #2 Area,,,,General Property Tax,Taxes,Consolidated TIF,0.0000,406441.6900,0.0000,Substainable & Economic,
2024,Parks & Recreation,Administration,,,,Application Fee,Charges for Services,Park Nonreverting Operating,500.0000,25.0000,500.0000,Culture & Recreation,
2024,Parks & Recreation,Adult Sports-Softball,,,,Registration Fees,Charges for Services,Park Nonreverting Operating,22000.0000,36400.0000,22000.0000,Culture & Recreation,
2024,Parks & Recreation,Banneker,,,,Vending,Charges for Services,Park Nonreverting Operating,0.0000,329.5200,0.0000,Culture & Recreation,
2024,Animal Shelter,Main,,,,Other Sales,Charges for Services,General,120.0000,881.0000,120.0000,General Government,
2024,HAND,Tapp Road Expansion #3 Area,,,,General Property Tax,Taxes,Consolidated TIF,0.0000,197517.8000,0.0000,Substainable & Economic,
2024,Fire,Main,,,,Interest on Investments,Miscellaneous,Fire Pension,0.0000,81978.6400,0.0000,Public Safety,
2024,Utilities,Default,,,,Forfeited Discounts,Operating Revenues,Sewage Utility Operating,121500.0000,173597.2100,121500.0000,Utilities,
2024,HAND,2019 4th St Garage Taxable,,,,Interest on Investments,Miscellaneous,2019 4th St Tax Debt Res F524,0.0000,21972.1100,0.0000,Debt Service,
2024,CFRD,Com Serv - Black Males,,,,Donations,Miscellaneous,Community Services,0.0000,500.0000,6000.0000,Community,
2024,Animal Shelter,Main,,,,Other Services,Charges for Services,General,320.0000,566.7000,320.0000,General Government,
2024,HAND,Fullerton Pike Area,,,,General Property Tax,Taxes,Consolidated TIF,0.0000,0.0200,0.0000,Substainable & Economic,
2024,Utilities,Default,,,,Dumping Revenue,Operating Revenues,Sewage Utility Operating,110000.0000,134921.3700,110000.0000,Utilities,
2024,Parks & Recreation,Main,,,,General Property Tax,Taxes,Park and Recreation - Operating,7939890.0000,8016719.1600,7939890.0000,Culture & Recreation,
2024,HAND,Main,,,,Unsafe Building,Fines and Forfeitures,Unsafe Building,0.0000,7474.4300,0.0000,Urban Redevelopment,
2024,Planning,Main,,,,Application Fee,Charges for Services,General,41000.0000,36237.8000,41000.0000,Highway & Streets,
2024,Parks & Recreation,Frank Southern Center,,,,Prior Year Voided Checks,Other,Park Nonreverting Operating,0.0000,27.5000,0.0000,Culture & Recreation,
2024,HAND,Downtown Area,,,,Refunds,Miscellaneous,Consolidated TIF,0.0000,-50967.1400,0.0000,Substainable & Economic,
2024,HAND,2019 Trades Garage,,,,Interest on Investments,Miscellaneous,2019 Trades Garage Debt Rec F525,0.0000,49828.0000,0.0000,Debt Service,
2024,Parks & Recreation,Youth Sports-Winslow,,,,Facility Rentals,Charges for Services,Park Nonreverting Operating,37000.0000,29350.1100,37000.0000,Culture & Recreation,
2024,Parks & Recreation,Twin Lakes Recreation Center,,,,Prior Year Voided Checks,Other,Park Nonreverting Operating,0.0000,235.2300,0.0000,Culture & Recreation,
2024,Utilities,Default,,,,Other Revenue,Non-Operating Revenues,Sewage Utility Operating,120000.0000,500529.2400,120000.0000,Utilities,
2024,Animal Shelter,Main,,,,Animal Impound Fees,Charges for Services,General,3400.0000,2980.0000,3400.0000,General Government,
2024,Parks & Recreation,Aquatics-Health & Safety,,,,Registration Fees,Charges for Services,Park Nonreverting Operating,3500.0000,0.0000,3500.0000,Culture & Recreation,
2024,Police,Main,,,,Insurance Reimbursements,Miscellaneous,General,0.0000,82679.6400,0.0000,Public Safety,
2024,Animal Shelter,Main,,,,Animal Adoption Fees,Charges for Services,General,100000.0000,107579.5000,100000.0000,General Government,
2024,Controller's Office,Main,,,,Interest on Investments,Miscellaneous,City 2016 GO Bond Proceeds,0.0000,40935.3900,0.0000,General Government,
2024,Police,Main,,,,Other Reimbursements,Miscellaneous,General,50000.0000,23378.8700,50000.0000,Public Safety,
2024,Parks & Recreation,Community Events-Farmers' Market,,,,Prior Year Voided Checks,Other,Park Nonreverting Operating,0.0000,66.0000,0.0000,Culture & Recreation,
2024,Utilities,Default,,,,Irrigation Sales - Public Authority,Operating Revenues,Water Utility Operating,190400.0000,363860.3600,190400.0000,Utilities,
2024,Parks & Recreation,Performing Art Series,,,,Advertising,Charges for Services,Park Nonreverting Operating,25000.0000,20120.0000,25000.0000,Culture & Recreation,
2024,Police,Main,,,,Sale of Property,Miscellaneous,Police Pension,0.0000,0.2800,0.0000,Public Safety,
2024,CFRD,CBVN,,,,Donations,Miscellaneous,Community Services,0.0000,3000.0000,4000.0000,Community,
2024,Parks & Recreation,Main,,,,Interest on Investments,Miscellaneous,Parks GO Bonds 2022,0.0000,242428.1300,0.0000,Culture & Recreation,
2024,Fire,Main,,,,Insurance Reimbursements,Miscellaneous,General,0.0000,13047.2600,0.0000,Public Safety,
2024,Parks & Recreation,Administration,,,,Inter-Fund Transfers,Other,Park and Recreation - Operating,766000.0000,766000.0000,766000.0000,Culture & Recreation,
2024,Animal Shelter,Main,,,,Equipment Deposits,Charges for Services,General,0.0000,80.0000,0.0000,General Government,
2024,Public Works,Main,,,,Inter-Fund Transfers,Other,Alternative Transport(S6301),350000.0000,350000.0000,350000.0000,Highway & Streets,
2024,Police,Main,,,,Other Fines and Forfeitures,Fines and Forfeitures,Crime Control,0.0000,572.7100,0.0000,Public Safety,
2024,Parks & Recreation,Adult Sports-Softball,,,,Other Sales,Charges for Services,Park Nonreverting Operating,1500.0000,0.0000,1500.0000,Culture & Recreation,
2024,Utilities Stormwater,Default,,,,Forfeited Discounts - Storm,Operating Revenues,Storm Water Utility Operating,10150.0000,40787.5400,10150.0000,Utilities,
2024,Controller's Office,Main,,,,Interest on Investments,Miscellaneous,LOIT Special Distribution,0.0000,83499.6500,0.0000,Highway & Streets,
2024,HAND,Main,,,,Unsafe Building Legal Fines,Fines and Forfeitures,Unsafe Building,0.0000,3760.2000,0.0000,Urban Redevelopment,
2024,Parks & Recreation,Golf Services,,,,Facility Rentals,Charges for Services,Park Nonreverting Operating,8500.0000,17556.6600,8500.0000,Culture & Recreation,
2024,Controller's Office,Main,,,,Interest on Investments,Miscellaneous,GO Bonds 2022,0.0000,276737.8300,0.0000,Capital Outlays,
2024,Animal Shelter,Main,,,,Boarding Fees,Charges for Services,General,4000.0000,4805.0000,4000.0000,General Government,
2024,Parks & Recreation,Senior Expo,,,,Registration Fees,Charges for Services,Park Nonreverting Operating,0.0000,100.0000,0.0000,Culture & Recreation,
2024,Parks & Recreation,Adult Sports-Softball,,,,Other Services,Charges for Services,Park Nonreverting Operating,4000.0000,0.0000,4000.0000,Culture & Recreation,
2024,HAND,Main,,,,Unsafe Building TRR,Fines and Forfeitures,Unsafe Building,0.0000,3150.0000,0.0000,Urban Redevelopment,
2024,Animal Shelter,Main,,,,Medical,Charges for Services,General,6000.0000,2728.0000,6000.0000,General Government,
2024,Engineering,Main,,,,Permits,Licenses,General,96000.0000,141612.5700,96000.0000,General Government,
2024,Parks & Recreation,Youth Sports-Winslow,,,,Concessions,Charges for Services,Park Nonreverting Operating,3850.0000,3539.0500,3850.0000,Culture & Recreation,
2024,Controller's Office,Main,,,,In Lieu of Annexation,Charges for Services,General,100000.0000,100000.0000,100000.0000,General Government,
2024,HAND,Main,,,,Unsafe Building IDL,Fines and Forfeitures,Unsafe Building,0.0000,6425.0000,0.0000,Urban Redevelopment,
2024,Parks & Recreation,Golf Services,,,,Season Passes/Memberships,Charges for Services,Park Nonreverting Operating,0.0000,-230.0000,0.0000,Culture & Recreation,
2024,HAND,Main,,,,General Property Tax,Taxes,TIF - Prow,0.0000,86336.3400,0.0000,Substainable & Economic,
2024,Controller's Office,Main,,,,Financial Institutions Tax,Taxes,General,257482.0000,231252.2600,257482.0000,General Government,
2024,Parks & Recreation,Administration,,,,Prior Year Voided Checks,Other,Park and Recreation - Operating,0.0000,87.1100,0.0000,Culture & Recreation,
2024,Controller's Office,Main,,,,License Excise Tax,Taxes,General,1061293.0000,897508.3000,1061293.0000,General Government,
2024,HAND,Title 6,,,,Neighborhood Violations Trash Ticket,Fines and Forfeitures,General,0.0000,13354.9000,0.0000,Urban Redevelopment,
2024,Controller's Office,Main,,,,Late Fees,Charges for Services,Food and Beverage Tax,0.0000,261.4400,0.0000,Substainable & Economic,
2024,ITS,Main,,,,Other Services,Charges for Services,General,0.0000,25.0000,0.0000,General Government,
2024,Parks & Recreation,Frank Southern Center,,,,Facility Rentals,Charges for Services,Park and Recreation - Operating,115000.0000,144562.9200,115000.0000,Culture & Recreation,
2024,HAND,Title 6,,,,Neighborhood Violations Weed ticket,Fines and Forfeitures,General,0.0000,3158.5000,0.0000,Urban Redevelopment,
2024,Parks & Recreation,Community Events-Farmers' Market,,,,Donations,Miscellaneous,Park Nonreverting Operating,0.0000,120.7500,0.0000,Culture & Recreation,
2024,Parks & Recreation,Golf Services,,,,Registration Fees,Charges for Services,Park Nonreverting Operating,21000.0000,31468.0000,21000.0000,Culture & Recreation,
2024,Parking,Main,,,,Other Reimbursements,Miscellaneous,Parking Facilities(S9502),0.0000,279.9800,0.0000,General Government,
2024,Parks & Recreation,Frank Southern Center,,,,General Admissions,Charges for Services,Park and Recreation - Operating,62000.0000,57923.5000,62000.0000,Culture & Recreation,
2024,Controller's Office,Main,,,,Other State Shared Revenue,Intergovernmental,General,476313.0000,453389.9500,476313.0000,General Government,
2024,Parks & Recreation,Natural Resources,,,,Season Passes/Memberships,Charges for Services,Park Nonreverting Operating,13400.0000,13009.7500,13400.0000,Culture & Recreation,
2024,HAND,Title 6,,,,Neighborhood Violations Can at the Curb,Fines and Forfeitures,General,0.0000,1455.0000,0.0000,Urban Redevelopment,
2024,Mayor's Office,Main,,,,Miscellaneous,Miscellaneous,General,0.0000,-279.5300,0.0000,General Government,
2024,Parking,Main,,,,Hourly Parking Lot #1 4th & Dunn,Charges for Services,Parking Facilities(S9502),0.0000,7627.8400,0.0000,General Government,
2024,Planning,Main,,,,Title 20 Violations,Fines and Forfeitures,General,0.0000,11250.0000,0.0000,Highway & Streets,
2024,Parks & Recreation,Aquatics - Mills Pool,,,,Advertising,Charges for Services,Park Nonreverting Operating,500.0000,0.0000,500.0000,Culture & Recreation,
2024,Parks & Recreation,2023-24 Griffy Nature Days,,,,Grant - Other,Miscellaneous,Park Nonreverting Operating,0.0000,6887.9700,0.0000,Culture & Recreation,
2024,Parks & Recreation,Golf Services,,,,Concessions,Charges for Services,Park Nonreverting Operating,65000.0000,92344.5400,65000.0000,Culture & Recreation,
2024,Controller's Office,Main,,,,Commercial Vehicle Excise Tax,Taxes,General,75388.0000,76049.5200,75388.0000,General Government,
2024,Parks & Recreation,Natural Resources,,,,Equipment Rentals,Charges for Services,Park Nonreverting Operating,52000.0000,50593.0600,52000.0000,Culture & Recreation,
2024,Parks & Recreation,Health & Wellness,,,,Registration Fees,Charges for Services,Park Nonreverting Operating,13350.0000,10431.9400,13350.0000,Culture & Recreation,
2024,Parking,Main,,,,Hourly Parking Lot #3 4th & Washington,Charges for Services,Parking Facilities(S9502),0.0000,9832.4900,0.0000,General Government,
2024,Sanitation,Main,,,,Solid Waste,Charges for Services,Sanitation,3179301.0000,2401260.4400,3179301.0000,Sanitation,
2024,HAND,Admin,,,,Bond Proceeds,Miscellaneous,Consolidated TIF,0.0000,203013.1300,0.0000,Substainable & Economic,
2024,Parks & Recreation,Frank Southern Center,,,,Equipment Rentals,Charges for Services,Park and Recreation - Operating,20000.0000,16516.3900,20000.0000,Culture & Recreation,
2024,Parks & Recreation,Operations-Dog Park,,,,Registration Fees,Charges for Services,Park Nonreverting Operating,200.0000,0.0000,200.0000,Culture & Recreation,
2024,Parks & Recreation,Natural Resources,,,,Registration Fees,Charges for Services,Park Nonreverting Operating,6000.0000,8205.5000,6000.0000,Culture & Recreation,
2024,Engineering,Main,,,,Permits- Parklets,Charges for Services,General,500.0000,550.0000,500.0000,General Government,
2024,Human Resources,Main,,,,Other Reimbursements,Miscellaneous,General,0.0000,20254.7200,0.0000,General Government,
2024,Parks & Recreation,Urban Forestry,,,,Donations,Miscellaneous,Park Nonreverting Operating,20100.0000,17100.0000,20100.0000,Culture & Recreation,
2024,Parking,Main,,,,Hourly Parking Lot #5 6th & Lincoln,Charges for Services,Parking Facilities(S9502),125000.0000,4247.8700,125000.0000,General Government,
2024,Sanitation,Main,,,,Yard Waste,Charges for Services,Sanitation,68500.0000,0.0000,68500.0000,Sanitation,
2024,Parks & Recreation,Banneker,,,,Donations,Miscellaneous,Park Nonreverting Operating,0.0000,0.6700,0.0000,Culture & Recreation,
2024,HAND,Admin,,,,Interest on Investments,Miscellaneous,Consolidated TIF,0.0000,1096986.0600,0.0000,Substainable & Economic,
2024,Parks & Recreation,Operations-Dog Park,,,,Advertising,Charges for Services,Park Nonreverting Operating,200.0000,0.0000,200.0000,Culture & Recreation,
2024,Fleet Maintenance,Main,,,,Refunds,Miscellaneous,Fleet Maintenance,0.0000,293.2500,0.0000,General Government,
2024,Parks & Recreation,Community Events-Farmers' Market,,,,Other Reimbursements,Miscellaneous,Park Nonreverting Operating,0.0000,116.6300,0.0000,Culture & Recreation,
2024,Parking,Main,,,,Hourly Parking Lot #6 Police Station,Charges for Services,Parking Facilities(S9502),0.0000,752.6300,0.0000,General Government,
2024,Animal Shelter,Main,,,,Animal Control Violations,Fines and Forfeitures,General,7500.0000,4515.0000,7500.0000,General Government,
2024,Controller's Office,Main,,,,In Lieu of Taxes,Charges for Services,General,600000.0000,844469.5100,600000.0000,General Government,
2024,Public Works,Main,,,,Other Violations - Scooters,Fines and Forfeitures,General,0.0000,25860.0000,0.0000,General Government,
2024,HAND,Title 16,,,,Permits,Licenses,Rental Inspection Program(S0012),0.0000,287903.5000,0.0000,Substainable & Economic,
2024,Parks & Recreation,TLRC-Health & Wellness,,,,Season Passes/Memberships,Charges for Services,Park Nonreverting Operating,1000.0000,10.0000,1000.0000,Culture & Recreation,
2024,Fleet Maintenance,Main,,,,Other Reimbursements,Miscellaneous,Fleet Maintenance,1656525.0000,1096009.2200,1656525.0000,General Government,
2024,Parks & Recreation,Adult Sports-Tennis,,,,Registration Fees,Charges for Services,Park Nonreverting Operating,8000.0000,0.0000,8000.0000,Culture & Recreation,
2024,Parks & Recreation,Golf Services,,,,Pro Shop Sales,Charges for Services,Park Nonreverting Operating,0.0000,537.2200,0.0000,Culture & Recreation,
2024,Parks & Recreation,Natural Resources,,,,Donations,Miscellaneous,Park Nonreverting Operating,0.0000,420.0000,0.0000,Culture & Recreation,
2024,Controller's Office,Main,,,,Interdepartmental Services Agreement,Charges for Services,General,1685000.0000,1622019.0000,1685000.0000,General Government,
2024,Public Works,Main,,,,Prior Year Voided Checks,Other,Alternative Transport(S6301),0.0000,62.0000,0.0000,Highway & Streets,
2024,HAND,Title 16,,,,Application Fee,Charges for Services,Rental Inspection Program(S0012),0.0000,1160.0000,0.0000,Substainable & Economic,
2024,CFRD,Com Serv - MLK  Comm,,,,Donations,Miscellaneous,Community Services,0.0000,11354.0000,11000.0000,Community,
2024,Parks & Recreation,Youth Sports-Winslow,,,,Advertising,Charges for Services,Park Nonreverting Operating,0.0000,1000.0000,0.0000,Culture & Recreation,
2024,Parks & Recreation,Urban Forestry,,,,Other Reimbursements,Miscellaneous,Park Nonreverting Operating,0.0000,1556.4000,0.0000,Culture & Recreation,
2024,Parks & Recreation,Frank Southern Center,,,,Skate Sharpening,Charges for Services,Park and Recreation - Operating,2500.0000,1792.0000,2500.0000,Culture & Recreation,
2024,Parks & Recreation,TLRC-Health & Wellness,,,,Registration Fees,Charges for Services,Park Nonreverting Operating,10000.0000,16628.1800,10000.0000,Culture & Recreation,
2024,Parks & Recreation,Golf Services,,,,Other Sales,Charges for Services,Park Nonreverting Operating,0.0000,-70.3400,0.0000,Culture & Recreation,
2024,Public Works,Main,,,,Private Parking,Charges for Services,General,0.0000,1740.0000,0.0000,General Government,
2024,HAND,Title 16,,,,Inspection Fees Reinspection Fines,Charges for Services,Rental Inspection Program(S0012),0.0000,13552.0000,0.0000,Substainable & Economic,
2024,HAND,Title 16,,,,Inspection Fees No Show,Charges for Services,Rental Inspection Program(S0012),0.0000,7150.0000,0.0000,Substainable & Economic,
2024,Public Works,Main,,,,Other Reimbursements,Miscellaneous,Cumulative Capital Development,0.0000,11390.8300,0.0000,Capital Outlays,
2024,Controller's Office,Explorer Teen Programs,,,,Donations,Miscellaneous,Donations (restricted; not used for capital items),0.0000,602.0100,0.0000,Public Safety,
2024,Parking,Main,,,,Lot/Garage Leases - Annual Lot #5 6th & Lincoln,Charges for Services,Parking Facilities(S9502),0.0000,33774.0000,0.0000,General Government,
2024,HAND,Thomson-Walnut-Winslow Area,,,,Other Reimbursements,Miscellaneous,Consolidated TIF,0.0000,19116.1300,0.0000,Substainable & Economic,
2024,Police,Main,,,,Emergency Alarms,Fines and Forfeitures,Dispatch Training(S9501),10000.0000,0.0000,10000.0000,Public Safety,
2024,Parks & Recreation,Administration,,,,Sale of Property,Miscellaneous,Park and Recreation - Operating,0.0000,7975.0000,0.0000,Culture & Recreation,
2024,Parks & Recreation,Cell Tower,,,,Rental Fees,Charges for Services,Park Nonreverting Operating,22440.0000,22440.0000,22440.0000,Culture & Recreation,
2024,Controller's Office,PW Neighborhood Sidewalk Prg,,,,Donations,Miscellaneous,Donations (restricted; not used for capital items),0.0000,9497.5000,2950.0000,General Government,
2024,Parks & Recreation,Aquatics - Pool Concessions,,,,Concessions,Charges for Services,Park Nonreverting Operating,30000.0000,28480.0500,30000.0000,Culture & Recreation,
2024,Parks & Recreation,Natural Resources,,,,Other Reimbursements,Miscellaneous,Park Nonreverting Operating,0.0000,6395.0000,0.0000,Culture & Recreation,
2024,Parks & Recreation,Operations,,,,Advertising,Charges for Services,Park Nonreverting Operating,1200.0000,0.0000,1200.0000,Culture & Recreation,
2024,Animal Shelter,Main,,,,Refunds,Miscellaneous,General,0.0000,275.3700,0.0000,General Government,
2024,Parking,Main,,,,Permits- Parklets,Charges for Services,Parking Meter,0.0000,5750.0000,0.0000,General Government,
2024,Animal Shelter,Main,,,,Insurance Reimbursements,Miscellaneous,General,0.0000,6575.2600,0.0000,General Government,
2024,HAND,West 17th Street Area,,,,Grants - Federal,Intergovernmental,Consolidated TIF,0.0000,70565.6900,0.0000,Substainable & Economic,
2024,Controller's Office,Fire 1st Aid Certification Class,,,,Donations,Miscellaneous,Donations (restricted; not used for capital items),0.0000,816.0000,0.0000,Public Safety,
2024,Parks & Recreation,Administration,,,,Donations,Miscellaneous,Park Nonreverting Operating,0.0000,469.2500,0.0000,Culture & Recreation,
2024,Parks & Recreation,Main,,,,Financial Institutions Tax,Taxes,Park and Recreation - Operating,74343.0000,65967.4900,74343.0000,Culture & Recreation,
2024,Parks & Recreation,Community Events,,,,Equipment Rentals,Charges for Services,Park Nonreverting Operating,0.0000,1631.4400,0.0000,Culture & Recreation,
2024,Controller's Office,Animal Construction,,,,Donations,Miscellaneous,Donations (restricted; not used for capital items),0.0000,7970.0000,0.0000,General Government,
2024,Public Works,Main,,,,Other Violations,Fines and Forfeitures,General,600000.0000,1128376.7700,600000.0000,General Government,
2024,Parks & Recreation,Operations,,,,Miscellaneous,Miscellaneous,Park Nonreverting Operating,0.0000,500.0000,0.0000,Culture & Recreation,
2024,Public Works,Main,,,,Cigarette Tax,Taxes,Cumulative Capital Improvement - Cigarette Tax,157490.0000,128065.5000,157490.0000,Capital Outlays,
2024,Controller's Office,Fire Community MIH,,,,Donations,Miscellaneous,Donations (restricted; not used for capital items),0.0000,773.0000,0.0000,Public Safety,
2024,Parks & Recreation,Main,,,,License Excise Tax,Taxes,Park and Recreation - Operating,306431.0000,256025.0500,306431.0000,Culture & Recreation,
2024,Controller's Office,Main,,,,Sale of Property,Miscellaneous,Vehicle Replacement Fund(S0012),0.0000,128759.5000,0.0000,Capital Outlays,
2024,Parks & Recreation,Community Events,,,,Registration Fees,Charges for Services,Park Nonreverting Operating,45000.0000,31909.6900,45000.0000,Culture & Recreation,
2024,Parking,Main,,,,Miscellaneous,Miscellaneous,Parking Facilities(S9502),0.0000,6480.0000,0.0000,General Government,
2024,Parks & Recreation,Community Events-Farmers' Market,,,,Other Services,Charges for Services,Park Nonreverting Operating,0.0000,489.0000,0.0000,Culture & Recreation,
2024,Parks & Recreation,TLRC-Health & Wellness,,,,Other Sales,Charges for Services,Park Nonreverting Operating,0.0000,7.4800,0.0000,Culture & Recreation,
2024,Parks & Recreation,Urban Forestry,,,,Insurance Reimbursements,Miscellaneous,Park Nonreverting Operating,1000.0000,0.0000,1000.0000,Culture & Recreation,
2024,Public Works,Main,,,,Residential Neighborhood Permits Zone # 1,Charges for Services,Alternative Transport(S6301),210000.0000,46275.0000,210000.0000,Highway & Streets,
2024,Parks & Recreation,TLRC-Health & Wellness,,,,Other Services,Charges for Services,Park Nonreverting Operating,23980.0000,15089.0000,23980.0000,Culture & Recreation,
2024,Parks & Recreation,Adult Sports-Tennis,,,,Advertising,Charges for Services,Park Nonreverting Operating,0.0000,600.0000,0.0000,Culture & Recreation,
2024,Planning,Main,,,,Inspection Fees,Charges for Services,General,4200.0000,5696.3500,4200.0000,Highway & Streets,
2024,Public Works,Main,,,,Residential Neighborhood Permits Zone # 2,Charges for Services,Alternative Transport(S6301),0.0000,9794.0000,0.0000,Highway & Streets,
2024,Parks & Recreation,TLRC-Health & Wellness,,,,Health and Wellness,Charges for Services,Park Nonreverting Operating,20.0000,0.0000,20.0000,Culture & Recreation,
2024,Police,Fed Equitable Sharing Asset Forf,,,,Grants - Federal,Intergovernmental,Crime Control,0.0000,85577.9000,0.0000,Public Safety,
2024,Planning,Main,,,,Other Services,Charges for Services,General,1800.0000,5115.0000,1800.0000,Highway & Streets,
2024,Public Works,Main,,,,Residential Neighborhood Permits Zone # 3,Charges for Services,Alternative Transport(S6301),0.0000,7208.0000,0.0000,Highway & Streets,
2024,Parks & Recreation,Main,,,,Interest on Investments,Miscellaneous,2018 BicentennialBnd Prcd900030,0.0000,200164.7100,0.0000,Capital Outlays,
2024,Police,Main,,,,Other State Shared Revenue,Intergovernmental,Police Pension,1500000.0000,1264160.6200,1500000.0000,Public Safety,
2024,Parks & Recreation,Main,,,,Commercial Vehicle Excise Tax,Taxes,Park and Recreation - Operating,21767.0000,21694.0400,21767.0000,Culture & Recreation,
2024,Human Resources,Main,,,,Miscellaneous,Miscellaneous,General,0.0000,-2652.9300,0.0000,General Government,
2024,Public Works,Main,,,,Residential Neighborhood Permits Zone # 4,Charges for Services,Alternative Transport(S6301),0.0000,35877.0000,0.0000,Highway & Streets,
2024,HAND,Downtown Area,,,,Inter-Fund Transfers,Other,Consolidated TIF,0.0000,0.0000,3940000.0000,Substainable & Economic,
2024,Planning,Main,,,,Refunds,Miscellaneous,General,250.0000,0.0000,250.0000,Highway & Streets,
2024,Public Works,Main,,,,Residential Neighborhood Permits Zone # 5,Charges for Services,Alternative Transport(S6301),0.0000,23456.0000,0.0000,Highway & Streets,
2024,Economic & Sustainable Dev,Main,,,,Refunds,Miscellaneous,General,0.0000,8312.5000,0.0000,Substainable & Economic,
2024,Parks & Recreation,Youth Sports-Olcott,,,,Facility Rentals,Charges for Services,Park and Recreation - Operating,6000.0000,7126.9400,6000.0000,Culture & Recreation,
2024,City Clerk,Main,,,,Refunds,Miscellaneous,General,0.0000,779.0000,0.0000,General Government,
2024,Public Works,Main,,,,Residential Neighborhood Permits Zone # 6,Charges for Services,Alternative Transport(S6301),0.0000,5235.0000,0.0000,Highway & Streets,
2024,Controller's Office,Main,,,,Economic Development LIT Local Income Tax,Taxes,LIT - Economic Development,16587406.0000,16587406.0000,16587406.0000,Substainable & Economic,
2024,Police,Main,,,,Interlocal Agreement,Intergovernmental,General,100000.0000,0.0000,100000.0000,Public Safety,
2024,Utilities,Default,,,,Interest - Miscellaneous,Non-Operating Revenues,Water Utility Operating,0.0000,17973.8600,0.0000,Utilities,
2024,CFRD,Latino Programs,,,,Donations,Miscellaneous,Community Services,0.0000,8484.7500,11000.0000,Community,
2024,Public Works,Main,,,,Residential Neighborhood Permits Zone # 8,Charges for Services,Alternative Transport(S6301),0.0000,200.0000,0.0000,Highway & Streets,
2024,Public Works,Main,,,,General Property Tax,Taxes,Cumulative Capital Development,4558011.0000,2357579.8400,4558011.0000,Capital Outlays,
2024,Parks & Recreation,Operations,,,,Insurance Reimbursements,Miscellaneous,Park Nonreverting Operating,2000.0000,0.0000,2000.0000,Culture & Recreation,
2024,Controller's Office,Main,,,,Inter-Fund Transfers,Other,2017 Refund 517 2011 DT Red Bond,0.0000,903489.8900,0.0000,Debt Service,
2024,Parks & Recreation,Urban Forestry,,,,Miscellaneous,Miscellaneous,Park Nonreverting Operating,2500.0000,0.0000,2500.0000,Culture & Recreation,
2024,Public Works,Main,,,,NSF Fees on Returns Checks,Charges for Services,General,0.0000,40.0000,0.0000,General Government,
2024,Public Works,Main,,,,Residential Neighborhood Permits Zone # 9,Charges for Services,Alternative Transport(S6301),0.0000,6095.0000,0.0000,Highway & Streets,
2024,Controller's Office,Main,,,,General Property Tax,Taxes,2018 Parks Bicentennial (S1380),938883.0000,711763.0200,938883.0000,Debt Service,
2024,Parks & Recreation,Golf Course - Pro Shop,,,,Pro Shop Sales,Charges for Services,Park Nonreverting Operating,90000.0000,126522.9100,90000.0000,Culture & Recreation,
2024,Parks & Recreation,Community Events,,,,Other Sales,Charges for Services,Park Nonreverting Operating,0.0000,4113.0900,0.0000,Culture & Recreation,
2024,Controller's Office,Main,,,,Grants - State,Intergovernmental,Opioid Settlement Unrestricted,76571.0000,125052.6600,76571.0000,Community,
2024,Parks & Recreation,Frank Southern Center,,,,Facility Rentals,Charges for Services,Park Nonreverting Operating,750.0000,3500.1800,750.0000,Culture & Recreation,
2024,HAND,Housing,,,,Voluntary Contributions,Miscellaneous,Housing Develp (Ord16-41)(S9506),0.0000,24495.0000,0.0000,Urban Redevelopment,
2024,Public Works,Main,,,,Residential Neighborhood Permits Zone # 10,Charges for Services,Alternative Transport(S6301),0.0000,3722.0000,0.0000,Highway & Streets,
2024,Controller's Office,Main,,,,Financial Institutions Tax,Taxes,2018 Parks Bicentennial (S1380),6908.0000,5856.5500,6908.0000,Debt Service,
2024,HAND,Adams Crossing Area,,,,Grants - Federal,Intergovernmental,Consolidated TIF,0.0000,469557.2000,0.0000,Substainable & Economic,
2024,Utilities,Default,,,,Interest O&M Sweep,Non-Operating Revenues,Water Utility Operating,5000.0000,255067.4500,5000.0000,Utilities,
2024,CFRD,Com Serv - Status of Women,,,,Donations,Miscellaneous,Community Services,0.0000,14533.2700,16000.0000,Community,
2024,Controller's Office,Main,,,,Grants - State,Intergovernmental,Opioid Settlement Restricted,315333.0000,487497.8600,315333.0000,Community,
2024,Utilities Stormwater,Default,,,,Stormwater Plan Review Revenue,Non-Operating Revenues,Storm Water Utility Operating,500.0000,142453.2200,500.0000,Utilities,
2024,Public Works,Main,,,,Residential Neighborhood Permits All Zones Sevice Permit,Charges for Services,Alternative Transport(S6301),0.0000,62515.0000,0.0000,Highway & Streets,
2024,Controller's Office,Main,,,,License Excise Tax,Taxes,2018 Parks Bicentennial (S1380),31516.0000,22729.7100,31516.0000,Debt Service,
2024,Parks & Recreation,Golf Services,,,,Miscellaneous,Miscellaneous,Park and Recreation - Operating,1000.0000,2361.5300,1000.0000,Culture & Recreation,
2024,Parking,Main,,,,Other Reimbursements Lot #2 Walnut St Garage,Charges for Services,Parking Facilities(S9502),0.0000,23533.9200,0.0000,General Government,
2024,Controller's Office,Planning EC Eco Hero,,,,Donations,Miscellaneous,Donations (restricted; not used for capital items),0.0000,525.0000,0.0000,Highway & Streets,
2024,Controller's Office,Main,,,,Commercial Vehicle Excise Tax,Taxes,2018 Parks Bicentennial (S1380),2238.0000,1925.9800,2238.0000,Debt Service,
2024,Parks & Recreation,TLRC-Basketball,,,,Registration Fees,Charges for Services,Park Nonreverting Operating,95000.0000,65874.7500,95000.0000,Culture & Recreation,
2024,HAND,Title 16,,,,Inspection Fees,Charges for Services,General,1350.0000,0.0000,1350.0000,Urban Redevelopment,
2024,Parks & Recreation,Health & Wellness,,,,Other Reimbursements,Miscellaneous,Park Nonreverting Operating,0.0000,3520.0000,0.0000,Culture & Recreation,
2024,Utilities,Default,,,,Non Utility Income,Non-Operating Revenues,Water Utility Operating,5000.0000,71029.6400,5000.0000,Utilities,
2024,Parks & Recreation,Frank Southern Center,,,,Advertising,Charges for Services,Park Nonreverting Operating,1000.0000,3730.0000,1000.0000,Culture & Recreation,
2024,Sanitation,Main,,,,Other Sales,Charges for Services,Sanitation,0.0000,-346.1900,0.0000,Sanitation,
2024,Parks & Recreation,Frank Southern Center,,,,Player Fees,Charges for Services,Park Nonreverting Operating,20000.0000,17466.5000,20000.0000,Culture & Recreation,
2024,Parks & Recreation,Banneker,,,,Facility Rentals,Charges for Services,Park and Recreation - Operating,19260.0000,33027.2800,19260.0000,Culture & Recreation,
2024,HAND,Title 16,,,,Application Fee,Charges for Services,General,1200.0000,0.0000,1200.0000,Urban Redevelopment,
2024,Police,Main,,,,Other Services,Charges for Services,Police Education (S1151),30000.0000,14367.0000,30000.0000,Public Safety,
2024,CFRD,Children & Youths,,,,Donations,Miscellaneous,Community Services,0.0000,2150.8100,0.0000,Community,
2024,Controller's Office,Main,,,,Inter-Fund Transfers,Other,Vehicle Replacement Fund(S0012),202500.0000,202500.0000,202500.0000,Capital Outlays,
2024,Controller's Office,Main,,,,Interest on Investments,Miscellaneous,2024 GO Bonds Proceeds,0.0000,10154.2000,0.0000,General Government,
2024,Street,Main,,,,Insurance Reimbursements,Miscellaneous,Motor Vehicle Highway,0.0000,66303.9400,0.0000,Highway & Streets,
2024,HAND,Main,,,,Principal Repayments,Miscellaneous,HOME,0.0000,84988.4400,0.0000,Urban Redevelopment,
2024,Parking,Main,,,,Inter-Fund Transfers,Other,Parking Facilities(S9502),681552.0000,670327.6800,681552.0000,General Government,
2024,Parks & Recreation,Frank Southern Center,,,,Registration Fees,Charges for Services,Park Nonreverting Operating,50000.0000,49252.0000,50000.0000,Culture & Recreation,
2024,Controller's Office,Main,,,,Bond Proceeds,Miscellaneous,2024 GO Bonds Proceeds,0.0000,4300000.0000,0.0000,General Government,
2024,Street,Main,,,,Other Reimbursements,Miscellaneous,Motor Vehicle Highway,349825.0000,538.4600,349825.0000,Highway & Streets,
2024,Parks & Recreation,Aquatics - Bryan Pool,,,,General Admissions,Charges for Services,Park and Recreation - Operating,110000.0000,141122.3400,110000.0000,Culture & Recreation,
2024,Utilities,Default,,,,Metered Sales Single Family,Operating Revenues,Water Utility Operating,6045651.0000,4257385.1500,6045651.0000,Utilities,
2024,Animal Shelter,Donations Over $5K,,,,Donations,Miscellaneous,General,0.0000,66606.0000,0.0000,General Government,
2024,Controller's Office,2016 C Jackson Trail,,,,Grants - Federal,Intergovernmental,City 2016 GO Bond Proceeds,0.0000,28966.7900,0.0000,Highway & Streets,
2024,Parks & Recreation,Aquatics - Bryan Pool,,,,Season Passes/Memberships,Charges for Services,Park and Recreation - Operating,65000.0000,48006.0000,65000.0000,Culture & Recreation,
2024,Parks & Recreation,Community Events-Farmers' Market,,,,Gift Certificate,Miscellaneous,Park Nonreverting Operating,0.0000,1414.0000,0.0000,Culture & Recreation,
2024,Utilities,Default,,,,Metered Sales Commercial,Operating Revenues,Water Utility Operating,2585200.0000,2549353.5900,2585200.0000,Utilities,
2024,Parking,Main,,,,Prior Year Voided Checks,Other,Parking Facilities(S9502),0.0000,144.0000,0.0000,General Government,
2024,Parks & Recreation,Community Events,,,,Registration Fees,Charges for Services,Park and Recreation - Operating,14800.0000,15974.0000,14800.0000,Culture & Recreation,
2024,Public Works,Main,,,,NSF Fees on Returns Checks,Charges for Services,Alternative Transport(S6301),0.0000,-1.4900,0.0000,Highway & Streets,
2024,Controller's Office,Main,,,,Interest on Investments,Miscellaneous,Redevelopment Dist Bond(S2482),0.0000,3232.9800,0.0000,Debt Service,
2024,Parks & Recreation,Community Events-Farmers' Market,,,,EBT Market Bucks,Miscellaneous,Park Nonreverting Operating,0.0000,-1359.5300,0.0000,Culture & Recreation,
2024,Utilities,Default,,,,Metered Sales Industrial,Operating Revenues,Water Utility Operating,339300.0000,501910.7900,339300.0000,Utilities,
2024,Parks & Recreation,Twin Lakes Recreation Center,,,,Non Rev Economic Development,Miscellaneous,Park Nonreverting Operating,5000.0000,8360.0000,5000.0000,Culture & Recreation,
2024,Utilities,Default,,,,Metered Sales Public Authority,Operating Revenues,Water Utility Operating,2472800.0000,2213587.0200,2472800.0000,Utilities,
2024,Controller's Office,Municipal Emlpoyee,,,,Donations,Miscellaneous,Donations (restricted; not used for capital items),0.0000,2942.0000,0.0000,General Government,
2024,Parks & Recreation,Youth Sports-Hook a Kid,,,,Registration Fees,Charges for Services,Park Nonreverting Operating,4500.0000,0.0000,4500.0000,Culture & Recreation,
2024,Parks & Recreation,Twin Lakes Recreation Center,,,,Gift Certificate,Miscellaneous,Park Nonreverting Operating,200.0000,0.0000,200.0000,Culture & Recreation,
2024,Engineering,Private Sidewalk Grant,,,,Grant - Other,Miscellaneous,Grants Non Approp,0.0000,-19000.0000,0.0000,Highway & Streets,
2024,Parks & Recreation,Youth Services -Juke Box,,,,Facility Rentals,Charges for Services,Park Nonreverting Operating,3000.0000,-620.3300,3000.0000,Culture & Recreation,
2024,Utilities,Default,,,,Metered Sales Multiple Family,Operating Revenues,Water Utility Operating,4891500.0000,5425927.5000,4891500.0000,Utilities,
2024,HAND,Main,,,,Grants - Federal,Intergovernmental,CDBG -COVID(B20-MW-180013),0.0000,108228.6300,0.0000,Urban Redevelopment,
2024,Parks & Recreation,Adult Sports-Tennis,,,,Facility Rentals,Charges for Services,Park Nonreverting Operating,0.0000,1477.1900,0.0000,Culture & Recreation,
2024,Economic & Sustainable Dev,Main,,,,Registration Fees,Charges for Services,General,0.0000,57064.9500,0.0000,Substainable & Economic,
2024,Parks & Recreation,Aquatics - Bryan Pool,,,,Advertising,Charges for Services,Park Nonreverting Operating,1500.0000,6250.0000,1500.0000,Culture & Recreation,
2024,Parks & Recreation,Aquatics - Pool Concessions,,,,Concessions FB Tax,Charges for Services,Park Nonreverting Operating,13000.0000,15400.9200,13000.0000,Culture & Recreation,
2024,Police,2024 CHIRP-CITLI,,,,Grants - Federal,Intergovernmental,Grants Non Approp,0.0000,29903.0200,0.0000,Public Safety,
2024,Utilities,Default,,,,Public Fire Protection Single,Operating Revenues,Water Utility Operating,972000.0000,1002303.4200,972000.0000,Utilities,
2024,Parks & Recreation,Frank Southern Center Concession,,,,Concessions FB Tax,Charges for Services,Park Nonreverting Operating,0.0000,7893.8100,0.0000,Culture & Recreation,
2024,Animal Shelter,Main,,,,Permits,Licenses,General,3000.0000,3865.7200,3000.0000,General Government,
2024,Legal,Main,,,,Interdepartmental Services Agreement,Charges for Services,Self-Insurance,932201.0000,633133.0000,932201.0000,General Government,
2024,Police,2024 CHIRP-DUITF,,,,Grants - Federal,Intergovernmental,Grants Non Approp,0.0000,19665.9700,0.0000,Public Safety,
2024,Parks & Recreation,Administration,,,,Miscellaneous,Miscellaneous,Park Nonreverting Operating,0.0000,734.3800,0.0000,Culture & Recreation,
2024,Police,2024 CHIRP MC-HVA,,,,Grants - Federal,Intergovernmental,Grants Non Approp,0.0000,9333.1300,0.0000,Public Safety,
2024,Parks & Recreation,Golf Services,,,,Donations,Miscellaneous,Park Nonreverting Operating,0.0000,3240.0000,0.0000,Culture & Recreation,
2024,Parks & Recreation,Golf Services,,,,Gift Certificate,Miscellaneous,Park and Recreation - Operating,10000.0000,8255.5400,10000.0000,Culture & Recreation,
2024,Utilities,Default,,,,Private Fire Protection Commercial,Operating Revenues,Water Utility Operating,378000.0000,383186.7400,378000.0000,Utilities,
2024,Controller's Office,Main,,,,Interest Other,Miscellaneous,Food and Beverage Tax,0.0000,5541.7600,0.0000,Substainable & Economic,
2024,Economic & Sustainable Dev,Main,,,,Other Reimbursements,Miscellaneous,General,35000.0000,47530.0000,35000.0000,Substainable & Economic,
2024,Parks & Recreation,TLRC-Concessions,,,,Concessions FB Tax,Charges for Services,Park Nonreverting Operating,35000.0000,29322.2400,35000.0000,Culture & Recreation,
2024,Police,2024 CHIRP-EQUIP,,,,Grants - Federal,Intergovernmental,Grants Non Approp,0.0000,6896.2500,0.0000,Public Safety,
2024,Parks & Recreation,Youth Services -Juke Box,,,,Registration Fees,Charges for Services,Park Nonreverting Operating,67000.0000,74065.0000,67000.0000,Culture & Recreation,
2024,Utilities,Default,,,,Private Fire Protection Industrial,Operating Revenues,Water Utility Operating,16200.0000,23465.6600,16200.0000,Utilities,
2024,Controller's Office,Main,,,,Principal Repayments,Miscellaneous,Food and Beverage Tax,0.0000,138826.6000,0.0000,Substainable & Economic,
2024,Fire,Main,,,,Other State Shared Revenue,Intergovernmental,General,2500.0000,0.0000,2500.0000,Public Safety,
2024,Fire,Main,,,,Other State Shared Revenue,Intergovernmental,Fire Pension,2155000.0000,1683971.7700,2155000.0000,Public Safety,
2024,Planning,Main,,,,Miscellaneous,Miscellaneous,General,400.0000,0.0000,400.0000,Highway & Streets,
2024,Utilities,Default,,,,Private Fire Protection Public,Operating Revenues,Water Utility Operating,129600.0000,133903.2200,129600.0000,Utilities,
2024,Parks & Recreation,Cemeteries,,,,Cemetary Lot Sales,Charges for Services,Park and Recreation - Operating,10300.0000,8225.0000,10300.0000,Culture & Recreation,
2024,Parks & Recreation,Golf Services,,,,Concessions FB Tax,Charges for Services,Park Nonreverting Operating,0.0000,24803.7000,0.0000,Culture & Recreation,
2024,Utilities,Default,,,,Private Fire Protection Multiple,Operating Revenues,Water Utility Operating,432000.0000,495409.2000,432000.0000,Utilities,
2024,Parks & Recreation,Cemeteries,,,,Burial Services,Charges for Services,Park and Recreation - Operating,33000.0000,24400.0000,33000.0000,Culture & Recreation,
2024,Public Works,Main,,,,Private Parking,Charges for Services,Alternative Transport(S6301),0.0000,435.0000,0.0000,Highway & Streets,
2024,Parks & Recreation,Youth Services -Juke Box,,,,Vending,Charges for Services,Park Nonreverting Operating,0.0000,9.0000,0.0000,Culture & Recreation,
2024,Legal,Main,,,,Other Fines and Forfeitures,Fines and Forfeitures,General,3500.0000,150.0000,3500.0000,General Government,
2024,Parks & Recreation,Banneker-Classes,,,,Registration Fees,Charges for Services,Park Nonreverting Operating,7200.0000,10208.0000,7200.0000,Culture & Recreation,
2024,Controller's Office,Main,,,,Interest on Investments,Miscellaneous,Rainy Day,12000.0000,168541.3900,12000.0000,General Government,
2024,HAND,2019 Trades Garage,,,,Interest on Investments,Miscellaneous,2019 Trades Garage Bond Proceeds,0.0000,2143.4800,0.0000,Urban Redevelopment,
2024,Utilities,Default,,,,Irrigation Sales Single Family,Operating Revenues,Water Utility Operating,59500.0000,86157.0000,59500.0000,Utilities,
2024,Parks & Recreation,Operations,,,,Sale of Scrap,Miscellaneous,Park Nonreverting Operating,1800.0000,1481.9000,1800.0000,Culture & Recreation,
2024,ITS,Main,,,,Voluntary Contributions,Miscellaneous,Digital Opportunity Fund,85000.0000,85000.0000,85000.0000,Substainable & Economic,
2024,Public Works,Main,,,,Grants - Federal,Intergovernmental,Cumulative Capital Development,0.0000,50221.8000,0.0000,Capital Outlays,
2024,Planning,Main,,,,Permits,Licenses,General,80000.0000,88283.7000,80000.0000,Highway & Streets,
2024,Parks & Recreation,Aquatics - Bryan Pool,,,,Other Reimbursements,Miscellaneous,Park Nonreverting Operating,0.0000,7500.0000,0.0000,Culture & Recreation,
2024,Utilities,Default,,,,Irrigation Sales Commercial,Operating Revenues,Water Utility Operating,142800.0000,196681.6400,142800.0000,Utilities,
2024,Parking,Main,,,,Electric Car Charging Station,Charges for Services,Parking Facilities(S9502),0.0000,10955.0900,0.0000,General Government,
2024,HAND,2019 4th St Garage Taxable,,,,Interest on Investments,Miscellaneous,2019 4th St Bnd Proceeds Taxable,0.0000,26516.7000,0.0000,Urban Redevelopment,
2024,Parks & Recreation,Health & Wellness,,,,Advertising,Charges for Services,Park Nonreverting Operating,0.0000,2000.0000,0.0000,Culture & Recreation,
2024,Economic & Sustainable Dev,Main,,,,Permits,Licenses,General,9000.0000,10345.0000,9000.0000,Substainable & Economic,
2024,Utilities,Default,,,,Irrigation Sales Industrial,Operating Revenues,Water Utility Operating,3570.0000,14691.1200,3570.0000,Utilities,
2024,Utilities,Default,,,,Irrigation Sales Multiple Family,Operating Revenues,Water Utility Operating,41650.0000,54412.5600,41650.0000,Utilities,
2024,CFRD,Com Serv- Accessibility,,,,Donations,Miscellaneous,Community Services,0.0000,1230.0000,5000.0000,Community,
2024,Fire,Main,,,,Fire Protection Contracts,Charges for Services,General,1357952.0000,1483871.0000,1357952.0000,Public Safety,
2024,Animal Shelter,Main,,,,Interlocal Agreement,Intergovernmental,General,480112.0000,396775.0000,480112.0000,General Government,
2024,Parking,Main,,,,Permits,Licenses,Parking Meter,75000.0000,59890.0000,75000.0000,General Government,
2024,Utilities,Default,,,,Metered Sales for Resale,Operating Revenues,Water Utility Operating,3053700.0000,3811656.3100,3053700.0000,Utilities,
2024,Animal Shelter,Main,,,,Prior Year Voided Checks,Other,General,0.0000,45.0000,0.0000,General Government,
2024,Parks & Recreation,TLRC- Reserve,,,,Rental Fees,Charges for Services,Park Nonreverting Operating,95298.0000,96409.9300,95298.0000,Culture & Recreation,
2024,Parks & Recreation,Health & Wellness,,,,Permits,Licenses,Park Nonreverting Operating,50.0000,0.0000,50.0000,Culture & Recreation,
2024,HAND,Housing,,,,Principal Repayments,Miscellaneous,Housing Develp (Ord16-41)(S9506),0.0000,21013.2000,0.0000,Urban Redevelopment,
2024,Utilities,Default,,,,Interest Sinking,Non-Operating Revenues,Sewage Utility Bond and Interest Sinking,0.0000,103839.1400,0.0000,Utilities,
2024,Utilities,Default,,,,Forfeited Discounts,Operating Revenues,Water Utility Operating,22000.0000,34030.2700,22000.0000,Utilities,
2024,Street,Main,,,,Sale of Property,Miscellaneous,Motor Vehicle Highway,0.0000,20506.0000,0.0000,Highway & Streets,
2024,Police,Main,,,,Law Enforcement Recordings,Charges for Services,General,0.0000,2366.3900,0.0000,Public Safety,
2024,Parks & Recreation,2023 Duke Power Line,,,,Grant - Other,Miscellaneous,Park Nonreverting Operating,0.0000,24875.0000,0.0000,Culture & Recreation,
2024,Utilities,Default,,,,Connection Charge,Operating Revenues,Water Utility Operating,216000.0000,238822.6200,216000.0000,Utilities,
2024,Controller's Office,Main,,,,General Property Tax,Taxes,2016 GO Bonds Bond #2 (S0182),1009987.0000,761188.1700,1009987.0000,Debt Service,
2024,Parks & Recreation,TLRC-Concessions,,,,Concessions,Charges for Services,Park Nonreverting Operating,63000.0000,47538.6200,63000.0000,Culture & Recreation,
2024,Utilities,Default,,,,Turn On Reset Charge,Operating Revenues,Water Utility Operating,162000.0000,188287.3600,162000.0000,Utilities,
2024,Parks & Recreation,Community Events,,,,Advertising,Charges for Services,Park Nonreverting Operating,0.0000,24500.0000,0.0000,Culture & Recreation,
2024,Controller's Office,Main,,,,Financial Institutions Tax,Taxes,2016 GO Bonds Bond #2 (S0182),7999.0000,6263.2500,7999.0000,Debt Service,
2024,Parks & Recreation,TLRC-Concessions,,,,Vending,Charges for Services,Park Nonreverting Operating,15000.0000,1845.0100,15000.0000,Culture & Recreation,
2024,Parks & Recreation,Aquatics - Mills Pool,,,,General Admissions,Charges for Services,Park and Recreation - Operating,30000.0000,52003.0000,30000.0000,Culture & Recreation,
2024,Utilities,Default,,,,Interest Sinking,Non-Operating Revenues,Water Utility Bond and Interest Sinking,0.0000,54390.6500,0.0000,Utilities,
2024,Utilities,Default,,,,Other Water Revenues,Operating Revenues,Water Utility Operating,250000.0000,603899.8800,250000.0000,Utilities,
2024,Planning,Main,,,,Grants - Federal,Intergovernmental,Cumulative Capital Development,0.0000,5144.6700,0.0000,Capital Outlays,
2024,Controller's Office,Main,,,,License Excise Tax,Taxes,2016 GO Bonds Bond #2 (S0182),33058.0000,24308.1700,33058.0000,Debt Service,
2024,Parks & Recreation,Aquatics - Mills Pool,,,,Season Passes/Memberships,Charges for Services,Park and Recreation - Operating,1000.0000,3828.0000,1000.0000,Culture & Recreation,
2024,Legal,Main,,,,Refunds,Miscellaneous,General,0.0000,447.3000,0.0000,General Government,
2024,Parks & Recreation,TLRC-Basketball,,,,Advertising,Charges for Services,Park Nonreverting Operating,0.0000,7500.0000,0.0000,Culture & Recreation,
2024,Parks & Recreation,Frank Southern Center Concession,,,,Concessions,Charges for Services,Park Nonreverting Operating,11000.0000,5675.5800,11000.0000,Culture & Recreation,
2024,Controller's Office,Main,,,,Commercial Vehicle Excise Tax,Taxes,2016 GO Bonds Bond #2 (S0182),2348.0000,2059.7200,2348.0000,Debt Service,
2024,Public Works,Main,,,,Financial Institutions Tax,Taxes,Cumulative Capital Development,20487.0000,19399.8100,20487.0000,Capital Outlays,
2024,Parks & Recreation,Administration,,,,Prior Year Voided Checks,Other,Park Nonreverting Operating,0.0000,163.0000,0.0000,Culture & Recreation,
2024,Parks & Recreation,Frank Southern Center Concession,,,,Vending,Charges for Services,Park Nonreverting Operating,500.0000,1260.6900,500.0000,Culture & Recreation,
2024,Controller's Office,Main,,,,General Property Tax,Taxes,2016 Parks GO Bond #3 (S0183),662401.0000,494251.5400,662401.0000,Debt Service,
2024,Parks & Recreation,TLRC-Concessions,,,,Program Rental,Charges for Services,Park Nonreverting Operating,2500.0000,2926.5000,2500.0000,Culture & Recreation,
2024,Public Works,Main,,,,License Excise Tax,Taxes,Cumulative Capital Development,84444.0000,75292.2000,84444.0000,Capital Outlays,
2024,Parks & Recreation,Cemeteries,,,,Other Services,Charges for Services,Park and Recreation - Operating,75.0000,25.0000,75.0000,Culture & Recreation,
2024,Planning,Main,,,,F.H.W.A. Planning,Intergovernmental,General,300000.0000,306949.8400,300000.0000,Highway & Streets,
2024,Utilities,Default,,,,Non-Sufficient Funds (NSF),Operating Revenues,Water Utility Operating,5400.0000,8675.0000,5400.0000,Utilities,
2024,Parks & Recreation,Operations-Dog Park,,,,Donations,Miscellaneous,Park Nonreverting Operating,0.0000,50.0000,0.0000,Culture & Recreation,
2024,Controller's Office,Main,,,,Financial Institutions Tax,Taxes,2016 Parks GO Bond #3 (S0183),5111.0000,4067.0400,5111.0000,Debt Service,
2024,Engineering,Main,,,,Grants - Federal,Intergovernmental,General,0.0000,159135.5100,0.0000,General Government,
2024,Parks & Recreation,Marketing,,,,Advertising,Charges for Services,Park Nonreverting Operating,3000.0000,3290.0000,3000.0000,Culture & Recreation,
2024,HAND,Housing,,,,Interest on Investments,Miscellaneous,Housing Develp (Ord16-41)(S9506),0.0000,142015.2800,0.0000,Urban Redevelopment,
2024,Planning,Main,,,,Interlocal Agreement,Intergovernmental,General,0.0000,85623.0600,0.0000,Highway & Streets,
2024,Controller's Office,Main,,,,License Excise Tax,Taxes,2016 Parks GO Bond #3 (S0183),21039.0000,15784.5400,21039.0000,Debt Service,
2024,Utilities,Default,,,,Other Revenue,Non-Operating Revenues,Water Utility Operating,0.0000,1847.7600,0.0000,Utilities,
2024,Parking,Main,,,,Hourly Parking,Charges for Services,Parking Facilities(S9502),307400.0000,374262.1200,307400.0000,General Government,
2024,Controller's Office,Main,,,,Commercial Vehicle Excise Tax,Taxes,2016 Parks GO Bond #3 (S0183),1496.0000,1337.4800,1496.0000,Debt Service,
2024,Utilities,Default,,,,Water Station Revenue,Operating Revenues,Water Utility Operating,1000.0000,3930.8300,1000.0000,Utilities,
2024,Telecommunications,Infrastructure,,,,Franchise Fees,Charges for Services,Non-Reverting Telecom (S1146),210000.0000,179372.5400,210000.0000,Culture & Recreation,
2024,Parks & Recreation,Community Events-Gardens,,,,Registration Fees,Charges for Services,Park Nonreverting Operating,17000.0000,17399.5000,17000.0000,Culture & Recreation,
2024,Parks & Recreation,Frank Southern Center Concession,,,,Pro Shop Sales,Charges for Services,Park Nonreverting Operating,1300.0000,1255.8200,1300.0000,Culture & Recreation,
2024,Controller's Office,Main,,,,Interest on Investments,Miscellaneous,Econ Dev LIT Bonds of 2022,0.0000,840010.1100,0.0000,Capital Outlays,
2024,Controller's Office,Main,,,,Interest on Investments,Miscellaneous,General,880526.0000,6832862.5800,880526.0000,General Government,
2024,Public Works,Main,,,,Commercial Vehicle Excise Tax,Taxes,Cumulative Capital Development,5999.0000,6379.8200,5999.0000,Capital Outlays,
2024,Parks & Recreation,Aquatics - Bryan Pool,,,,Facility Rentals,Charges for Services,Park Nonreverting Operating,10000.0000,5843.8900,10000.0000,Culture & Recreation,
2024,Fleet Maintenance,Main,,,,Interdepartmental Services Agreement,Charges for Services,Fleet Maintenance,2420909.0000,2615575.9500,2420909.0000,General Government,
2024,Police,Main,,,,Other Reimbursements,Miscellaneous,Police Education (S1151),0.0000,29190.9600,0.0000,Public Safety,
2024,HAND,Adams Crossing Area,,,,Refunds,Miscellaneous,Consolidated TIF,0.0000,122.0000,0.0000,Substainable & Economic,
2024,Street,Main,,,,Gasoline Taxes,Taxes,Motor Vehicle Highway,1641163.0000,1655680.8000,1641163.0000,Highway & Streets,
2024,Parks & Recreation,Aquatics - Bryan Pool,,,,General Admissions,Charges for Services,Park Nonreverting Operating,0.0000,21482.0000,0.0000,Culture & Recreation,
2024,Telecommunications,Infrastructure,,,,Other Reimbursements,Miscellaneous,Non-Reverting Telecom (S1146),0.0000,391.6500,0.0000,Culture & Recreation,
2024,ITS,Main,,,,Interlocal Agreement,Intergovernmental,General,11590.0000,12399.1900,11590.0000,General Government,
2024,Parks & Recreation,2023-24 21St Century Lear Ctr,,,,Grants - Federal,Intergovernmental,Park Nonreverting Operating,0.0000,30344.1700,0.0000,Culture & Recreation,
2024,Parks & Recreation,Youth Services-Kid City Camps,,,,Registration Fees,Charges for Services,Park Nonreverting Operating,100000.0000,101009.0000,100000.0000,Culture & Recreation,
2024,Mayor's Office,Main,,,,Application Fee,Charges for Services,General,0.0000,-2074.0000,0.0000,General Government,
2024,HAND,Downtown Area,,,,Other Reimbursements,Miscellaneous,Consolidated TIF,0.0000,318348.0200,0.0000,Substainable & Economic,
2024,Street,Main,,,,Wheel and Excise Surtax,Taxes,Motor Vehicle Highway,1431826.0000,1243236.9000,1431826.0000,Highway & Streets,
2024,Telecommunications,Services,,,,Franchise Fees,Charges for Services,Non-Reverting Telecom (S1146),315000.0000,269058.8100,315000.0000,Culture & Recreation,
2024,Street,Main,,,,Insurance Reimbursements,Miscellaneous,Local Road and Street,0.0000,2215.7200,0.0000,Highway & Streets,
2024,Parks & Recreation,TLRC-Health & Wellness,,,,Prior Year Voided Checks,Other,Park Nonreverting Operating,1000.0000,0.0000,1000.0000,Culture & Recreation,
2024,Parks & Recreation,Main,,,,Interest on Investments,Miscellaneous,Parks 2017 Refnd Bnd Procd (9507,0.0000,1062.8000,0.0000,Capital Outlays,
2024,Parking,Main,,,,Lot Permit - Annual,Charges for Services,Parking Facilities(S9502),54500.0000,0.0000,54500.0000,General Government,
2024,Parking,Web Transactions,,,,Other Violations,Fines and Forfeitures,Parking Facilities(S9502),0.0000,4410.0000,0.0000,General Government,
2024,Parks & Recreation,Aquatics - Bryan Pool,,,,Registration Fees,Charges for Services,Park Nonreverting Operating,23000.0000,11169.7500,23000.0000,Culture & Recreation,
2024,Street,Main,,,,Other Reimbursements,Miscellaneous,Local Road and Street,0.0000,1250.0000,0.0000,Highway & Streets,
2024,Telecommunications,Services,,,,Other Reimbursements,Miscellaneous,Non-Reverting Telecom (S1146),0.0000,587.4700,0.0000,Culture & Recreation,
2024,Controller's Office,Main,,,,General Property Tax,Taxes,2022 Parks GO Bond(Park Bond #2),1615692.0000,1112106.7400,1615692.0000,Debt Service,
2024,Parking,Main,,,,Lot/Garage Leases - Annual,Charges for Services,Parking Facilities(S9502),1181266.0000,830141.6600,1181266.0000,General Government,
2024,Controller's Office,Main,,,,Financial Institutions Tax,Taxes,2022 Parks GO Bond(Park Bond #2),7172.0000,9150.8600,7172.0000,Debt Service,
2024,Controller's Office,Main,,,,Refunds,Miscellaneous,General,0.0000,7794.9900,0.0000,General Government,
2024,Parks & Recreation,Banneker-Classes,,,,Donations,Miscellaneous,Park Nonreverting Operating,0.0000,500.0000,0.0000,Culture & Recreation,
2024,Controller's Office,Main,,,,License Excise Tax,Taxes,2022 Parks GO Bond(Park Bond #2),23464.0000,35515.1900,23464.0000,Debt Service,
2024,CFRD,Com Serv - Safe & Civil,,,,Donations,Miscellaneous,Community Services,0.0000,38112.9900,55500.0000,Community,
2024,Parks & Recreation,Senior Expo,,,,Advertising,Charges for Services,Park Nonreverting Operating,0.0000,1100.0000,0.0000,Culture & Recreation,
2024,Police,Main,,,,Registration Fees,Charges for Services,General,0.0000,4650.0000,0.0000,Public Safety,
2024,Controller's Office,Police Programs & Events,,,,Donations,Miscellaneous,Donations (restricted; not used for capital items),0.0000,683.0000,0.0000,Public Safety,
2024,Controller's Office,Main,,,,Commercial Vehicle Excise Tax,Taxes,2022 Parks GO Bond(Park Bond #2),1964.0000,3009.3400,1964.0000,Debt Service,
2024,Controller's Office,Main,,,,Other Reimbursements,Miscellaneous,General,0.0000,13568.1800,0.0000,General Government,
2024,Mayor's Office,Main,,,,Other Services,Charges for Services,General,0.0000,-1918.0200,0.0000,General Government,
2024,Economic & Sustainable Dev,2021 to 2024 Brownfield,,,,Grants - Federal,Intergovernmental,Grants Non Approp,0.0000,191328.6300,0.0000,Substainable & Economic,
2024,Controller's Office,Main,,,,General Property Tax,Taxes,2022 GO Bonds (Bond #4),1616636.0000,1121991.7700,1616636.0000,Debt Service,
2024,Street,Main,,,,Gasoline Taxes,Taxes,MVH Restricted (subfund of Motor Vehicle Highway),1641163.0000,1655680.8400,1641163.0000,Highway & Streets,
2024,Controller's Office,Main,,,,Financial Institutions Tax,Taxes,2022 GO Bonds (Bond #4),7068.0000,9232.2000,7068.0000,Debt Service,
2024,Controller's Office,Animal Medical Services,,,,Donations,Miscellaneous,Donations (restricted; not used for capital items),0.0000,41500.0700,0.0000,General Government,
2024,Parks & Recreation,Adult Sports-Softball,,,,Player Fees,Charges for Services,Park and Recreation - Operating,32000.0000,0.0000,32000.0000,Culture & Recreation,
2024,Controller's Office,Main,,,,License Excise Tax,Taxes,2022 GO Bonds (Bond #4),23124.0000,35830.8900,23124.0000,Debt Service,
2024,Parks & Recreation,BACC,,,,Registration Fees,Charges for Services,Park Nonreverting Operating,1800.0000,0.0000,1800.0000,Culture & Recreation,
2024,Planning,Title 6 Enforcement,,,,Neighborhood Violations,Fines and Forfeitures,General,0.0000,5200.0000,0.0000,Highway & Streets,
2024,Controller's Office,Main,,,,Commercial Vehicle Excise Tax,Taxes,2022 GO Bonds (Bond #4),1936.0000,3036.1000,1936.0000,Debt Service,
2024,Parks & Recreation,Administration,,,,Application Fee,Charges for Services,Park and Recreation - Operating,400.0000,0.0000,400.0000,Culture & Recreation,
2024,Parks & Recreation,Youth Expo- Childrens Expo,,,,Advertising,Charges for Services,Park Nonreverting Operating,3000.0000,3810.0000,3000.0000,Culture & Recreation,
2024,Police,Main,,,,Sale of Scrap,Miscellaneous,General,0.0000,2414.7000,0.0000,Public Safety,
2024,Parks & Recreation,Youth Expo- Childrens Expo,,,,Registration Fees,Charges for Services,Park Nonreverting Operating,1500.0000,740.0000,1500.0000,Culture & Recreation,
2024,Controller's Office,Main,,,,Local Income Tax (LIT) Certified Shares,Taxes,General,14837403.0000,18537817.0000,14837403.0000,General Government,
2024,HAND,Main,,,,Grants - Federal,Intergovernmental,HOME,0.0000,134970.6500,0.0000,Urban Redevelopment,
2024,Controller's Office,Main,,,,Interest on Investments,Miscellaneous,2001 Parks Bond (S1380),0.0000,433.1900,0.0000,Debt Service,
2024,Parking,Main,,,,Insurance Reimbursements,Miscellaneous,Parking Meter,0.0000,105.0000,0.0000,General Government,
2024,Engineering,Main,,,,Other Fines and Forfeitures,Fines and Forfeitures,General,12000.0000,217750.0000,12000.0000,General Government,
2024,HAND,Main,,,,Grants - Federal,Intergovernmental,HOME-ARP(M-21-MP18-0200),0.0000,1423.5200,0.0000,Urban Redevelopment,
2024,Parks & Recreation,Youth Sports-Winslow,,,,Facility Rentals,Charges for Services,Park and Recreation - Operating,0.0000,6579.1900,0.0000,Culture & Recreation,
2024,HAND,West 17th Street Area,,,,Grants - Federal,Intergovernmental,Consolidated TIF Bond Proceeds,0.0000,150384.7600,0.0000,Substainable & Economic,
2024,Controller's Office,Main,,,,Food & Beverage Tax,Intergovernmental,Food and Beverage Tax,3600000.0000,4121147.9900,3600000.0000,Substainable & Economic,
2024,Police,Main,,,,Other Services,Charges for Services,General,0.0000,7431.0000,0.0000,Public Safety,
2024,Parks & Recreation,Twin Lakes Recreation Center,,,,Facility Rentals,Charges for Services,Park Nonreverting Operating,220000.0000,188908.2600,220000.0000,Culture & Recreation,
2024,Police,Dispatch,,,,PSAP LIT,Intergovernmental,LIT - Public Safety,0.0000,2585000.0000,0.0000,Public Safety,
2024,Parks & Recreation,Twin Lakes Recreation Center,,,,Season Passes/Memberships,Charges for Services,Park Nonreverting Operating,325800.0000,400095.3200,325800.0000,Culture & Recreation,
2024,Parks & Recreation,Community Events-Farmers' Market,,,,Registration Fees,Charges for Services,Park Nonreverting Operating,54000.0000,54349.5000,54000.0000,Culture & Recreation,
2024,Public Works,Main,,,,Permits,Licenses,General,2500.0000,90.0000,2500.0000,General Government,
2024,Parks & Recreation,Aquatics - Mills Pool,,,,Facility Rentals,Charges for Services,Park Nonreverting Operating,2300.0000,1494.4800,2300.0000,Culture & Recreation,
2024,Police,Main,,,,Interest on Investments,Miscellaneous,Police Pension,0.0000,55180.9100,0.0000,Public Safety,
2024,Utilities Stormwater,Default,,,,Revenue from Contract Work,Non-Operating Revenues,Storm Water Utility Operating,1015.0000,0.0000,1015.0000,Utilities,
2024,Utilities,Default,,,,Revenue from Contract Work,Non-Operating Revenues,Sewage Utility Operating,50000.0000,0.0000,50000.0000,Utilities,
2024,Parking,Main,,,,Hourly Parking,Charges for Services,Parking Meter,2256735.0000,2822799.4000,2256735.0000,General Government,
2024,Planning,MPO,,,,Advertising,Charges for Services,General,0.0000,-50.0000,0.0000,Highway & Streets,
2024,Parks & Recreation,Switchyard Property,,,,Other Reimbursements,Miscellaneous,Park Nonreverting Operating,0.0000,6845.0000,0.0000,Culture & Recreation,
2024,Parking,Main,,,,Credit Card Convenience Fee,Charges for Services,Parking Meter,113737.0000,0.0000,113737.0000,General Government,
2024,Parks & Recreation,Twin Lakes Recreation Center,,,,Registration Fees,Charges for Services,Park Nonreverting Operating,5000.0000,375.0000,5000.0000,Culture & Recreation,
2024,Parks & Recreation,Golf Services,,,,General Admissions,Charges for Services,Park and Recreation - Operating,315000.0000,488041.4500,315000.0000,Culture & Recreation,
2024,ITS,Main,,,,Map Sales,Charges for Services,Electronic Map Generation Fund,100.0000,25.0000,100.0000,General Government,
2024,Controller's Office,Main,,,,General Property Tax,Taxes,General,27475342.0000,28040904.7400,27475342.0000,General Government,
2024,Utilities,Default,,,,Miscellaneous Rent Income,Non-Operating Revenues,Sewage Utility Operating,0.0000,12000.0000,0.0000,Utilities,
2024,Utilities Stormwater,Default,,,,Non Utility Income,Non-Operating Revenues,Storm Water Utility Operating,0.0000,9.0000,0.0000,Utilities,
2024,Parks & Recreation,Golf Services,,,,Season Passes/Memberships,Charges for Services,Park and Recreation - Operating,115000.0000,182840.0000,115000.0000,Culture & Recreation,
2024,Parks & Recreation,Switchyard Property,,,,Permits,Licenses,Park Nonreverting Operating,4000.0000,4655.0000,4000.0000,Culture & Recreation,
2024,Parks & Recreation,Switchyard Property,,,,Facility Rentals,Charges for Services,Park Nonreverting Operating,56000.0000,78786.2500,56000.0000,Culture & Recreation,
2024,Utilities Stormwater,Default,,,,Stormwater Single Family,Operating Revenues,Storm Water Utility Operating,964250.0000,1208853.8200,964250.0000,Utilities,
2024,Utilities,Default,,,,Interest - Miscellaneous,Non-Operating Revenues,Sewage Utility Operating,0.0000,26960.7900,0.0000,Utilities,
2024,Parks & Recreation,Golf Services,,,,Equipment Rentals,Charges for Services,Park and Recreation - Operating,250000.0000,348931.8500,250000.0000,Culture & Recreation,
2024,Controller's Office,Main,,,,Miscellaneous,Miscellaneous,General,0.0000,13769.9000,0.0000,General Government,
2024,Utilities Stormwater,Default,,,,Stormwater Sales Commercial,Operating Revenues,Storm Water Utility Operating,913500.0000,1070429.4200,913500.0000,Utilities,
2024,Controller's Office,Main,,,,Inter-Fund Transfers,Other,2019 4th St Garage (S ),0.0000,684525.0000,0.0000,None,
2024,Controller's Office,Main,,,,Sale of Property,Miscellaneous,General,0.0000,-34313.7800,0.0000,General Government,
2024,Police,Main,,,,Insurance Reimbursements,Miscellaneous,LIT - Public Safety,0.0000,51225.0600,0.0000,Public Safety,
2024,Public Works,Main,,,,Other Violations,Fines and Forfeitures,Alternative Transport(S6301),360000.0000,208664.5000,360000.0000,Highway & Streets,
2024,Utilities Stormwater,Default,,,,Stormwater Sales Industrial,Operating Revenues,Storm Water Utility Operating,32480.0000,40012.3200,32480.0000,Utilities,
2024,Controller's Office,Main,,,,Interest on Investments,Miscellaneous,1998 Street Bond II (S6380),0.0000,1328.9200,0.0000,Debt Service,
2024,Fleet Maintenance,Main,,,,Prior Year Replacement Checks,Other,Fleet Maintenance,0.0000,240.2900,0.0000,General Government,
2024,Police,Dispatch,,,,Interlocal Agreement,Intergovernmental,LIT - Public Safety,867000.0000,0.0000,867000.0000,Public Safety,
2024,Controller's Office,Main,,,,Inter-Fund Transfers,Other,2019 4th St Garage Tax (S ),0.0000,1104080.0000,0.0000,None,
2024,HAND,Adams Crossing Area,,,,General Property Tax,Taxes,Consolidated TIF,0.0000,2403019.2600,0.0000,Substainable & Economic,
2024,Utilities Stormwater,Default,,,,Stormwater Sales Public Authority,Operating Revenues,Storm Water Utility Operating,609000.0000,760434.3800,609000.0000,Utilities,
2024,Utilities,Default,,,,Interest O&M Sweep,Non-Operating Revenues,Sewage Utility Operating,5000.0000,468402.7600,5000.0000,Utilities,
2024,HAND,Main,,,,Interest on Investments,Miscellaneous,TIF - Prow,0.0000,32182.4300,0.0000,Substainable & Economic,
2024,Controller's Office,Main,,,,Inter-Fund Transfers,Other,2019 Trades Garage (S ),0.0000,571825.0000,0.0000,Debt Service,
2024,HAND,Downtown Area,,,,General Property Tax,Taxes,Consolidated TIF,0.0000,6657480.3300,0.0000,Substainable & Economic,
2024,Parks & Recreation,Main,,,,Interest on Investments,Miscellaneous,Rosehill Trust,0.0000,3330.3400,0.0000,Culture & Recreation,
2024,Utilities Stormwater,Default,,,,Stormwater Sales Multiple Family,Operating Revenues,Storm Water Utility Operating,659750.0000,924662.6700,659750.0000,Utilities,
2024,Parks & Recreation,Community Events-Farmers' Market,,,,Other Sales,Charges for Services,Park Nonreverting Operating,4000.0000,4589.7700,4000.0000,Culture & Recreation,
2024,Legal,Main,,,,Interlocal Agreement,Intergovernmental,General,0.0000,35821.9500,0.0000,General Government,
2024,HAND,Tapp Road Area,,,,General Property Tax,Taxes,Consolidated TIF,0.0000,505050.0400,0.0000,Substainable & Economic,
2024,Common Council,Main,,,,Inter-Fund Transfers,Other,CC Jack Hopkins NR17-42 (S0011),350000.0000,350000.0000,350000.0000,Community,
2024,Utilities Stormwater,Default,,,,Other Stormwater Revenue,Operating Revenues,Storm Water Utility Operating,25375.0000,146436.0500,25375.0000,Utilities,
2024,Parks & Recreation,Operations,,,,Vending,Charges for Services,Park Nonreverting Operating,0.0000,1819.8500,0.0000,Culture & Recreation,
2024,Utilities,Default,,,,Non Utility Income,Non-Operating Revenues,Sewage Utility Operating,0.0000,89254.5500,0.0000,Utilities,
2024,HAND,Thomson-Walnut-Winslow Area,,,,General Property Tax,Taxes,Consolidated TIF,0.0000,1373543.5700,0.0000,Substainable & Economic,
2024,Controller's Office,Animal Supplies,,,,Donations,Miscellaneous,Donations (restricted; not used for capital items),0.0000,3656.2500,0.0000,General Government,
2024,Parks & Recreation,Operations-Open Shelters,,,,Facility Rentals,Charges for Services,Park Nonreverting Operating,32000.0000,33784.6200,32000.0000,Culture & Recreation,
2024,Parks & Recreation,Adult Sports-Concessions,,,,Concessions,Charges for Services,Park Nonreverting Operating,12000.0000,2337.3200,12000.0000,Culture & Recreation,
2024,Sanitation,Main,,,,Inter-Fund Transfers,Other,Sanitation,944146.0000,944146.0000,944146.0000,Sanitation,
2024,Police,Dispatch,,,,Refunds,Miscellaneous,LIT - Public Safety,0.0000,27.0000,0.0000,Public Safety,
2024,CFRD,Safe Civil Justice Downtown Int,,,,Donations,Miscellaneous,Community Services,0.0000,11972.8800,5700.0000,Community,
2024,Public Works,Main,,,,Prior Year Voided Checks,Other,General,0.0000,30.0000,0.0000,General Government,
2024,HAND,Whitehall-Third Street Area,,,,General Property Tax,Taxes,Consolidated TIF,0.0000,1396646.5500,0.0000,Substainable & Economic,
2024,Police,2022 Bullet Proof Vest,,,,Grants - Federal,Intergovernmental,Grants Non Approp,0.0000,2753.9300,0.0000,Public Safety,
2024,Parks & Recreation,Operations,,,,Donations,Miscellaneous,Park Nonreverting Operating,23000.0000,14994.0000,23000.0000,Culture & Recreation,
2024,HAND,West 17th Street Area,,,,General Property Tax,Taxes,Consolidated TIF,0.0000,3078642.9400,0.0000,Substainable & Economic,
2024,Animal Shelter,Main,,,,Transaction Fees,Charges for Services,General,4500.0000,6520.0000,4500.0000,General Government,
2024,Street,Main,,,,Gasoline Taxes,Taxes,Local Road and Street,1063925.0000,1147505.1700,1063925.0000,Highway & Streets,
2024,Parks & Recreation,Banneker,,,,Facility Rentals,Charges for Services,Park Nonreverting Operating,0.0000,-0.6500,0.0000,Culture & Recreation,
2024,HAND,Seminary Area,,,,General Property Tax,Taxes,Consolidated TIF,0.0000,816589.7700,0.0000,Substainable & Economic,
2024,Controller's Office,Main,,,,Liquor Excise Tax,Taxes,General,55000.0000,66643.5000,55000.0000,General Government,
2024,Parks & Recreation,Main,,,,Interest on Investments,Miscellaneous,Parks 2016 GO Bond Proceeds,0.0000,320.4100,0.0000,Culture & Recreation,
2024,Utilities,Default,,,,Connection Charge,Operating Revenues,Sewage Utility Operating,507500.0000,356763.4400,507500.0000,Utilities,
2024,Street,Main,,,,Sale of Scrap,Miscellaneous,Motor Vehicle Highway,0.0000,1857.4000,0.0000,Highway & Streets,
2024,Controller's Office,Main,,,,Public Safety LIT,Taxes,LIT - Public Safety,6783644.0000,5027723.0000,6783644.0000,Public Safety,
2024,HAND,West Third Street Area,,,,General Property Tax,Taxes,Consolidated TIF,0.0000,631035.8900,0.0000,Substainable & Economic,
2024,Fire,Main,,,,Insurance Reimbursements,Miscellaneous,LIT - Public Safety,0.0000,83290.0000,0.0000,Public Safety,
2024,Controller's Office,Main,,,,Liquor Gallonage Tax,Taxes,General,201256.0000,184894.0100,201256.0000,General Government,
2024,Police,Main,,,,Other Fines and Forfeitures,Fines and Forfeitures,General,0.0000,7800.0000,0.0000,Public Safety,
2024,HAND,Bloomfield Road Area,,,,General Property Tax,Taxes,Consolidated TIF,0.0000,156196.4200,0.0000,Substainable & Economic,
2024,Sanitation,Main,,,,Sale of Scrap,Miscellaneous,Sanitation,1500.0000,3624.6000,1500.0000,Sanitation,
2024,Controller's Office,Main,,,,Cigarette Tax,Taxes,General,42952.0000,34926.9500,42952.0000,General Government,
2024,Utilities Stormwater,Default,,,,Interest Stormwater O&M,Non-Operating Revenues,Storm Water Utility Operating,3344.0000,106020.4200,3344.0000,Utilities,
2024,Parks & Recreation,Twin Lakes Recreation Center,,,,Advertising,Charges for Services,Park Nonreverting Operating,3000.0000,12315.0000,3000.0000,Culture & Recreation,
2024,Utilities,Default,,,,Metered Sales Single Family,Operating Revenues,Sewage Utility Operating,7410000.0000,6627533.6900,7410000.0000,Utilities,
2024,Parks & Recreation,Administration,,,,Equipment Rentals,Charges for Services,Park Nonreverting Operating,100.0000,0.0000,100.0000,Culture & Recreation,
2024,Parks & Recreation,Adult Sports-Softball,,,,Facility Rentals,Charges for Services,Park Nonreverting Operating,47500.0000,18703.6900,47500.0000,Culture & Recreation,
2024,Mayor's Office,Main,,,,Refunds,Miscellaneous,General,0.0000,1454.0000,0.0000,General Government,
2024,HAND,Thomson-Walnut-Winslow Expan #1,,,,General Property Tax,Taxes,Consolidated TIF,0.0000,341441.0000,0.0000,Substainable & Economic,
2024,Parks & Recreation,Leonard Sprg Nature Days 2024-27,,,,Grant - Other,Miscellaneous,Park Nonreverting Operating,0.0000,15000.0000,0.0000,Culture & Recreation,
2024,Street,CCMG 2024-1 W 3rd Street Project,,,,Grants - State,Intergovernmental,Grants Non Approp,0.0000,530100.0000,530100.0000,Highway & Streets,
2024,Fire,Next Level Jobs-Employer Train,,,,Grants - State,Intergovernmental,General,0.0000,50000.0000,50000.0000,Public Safety,
2024,Police,FY22 Justice Assist Grant (JAG),,,,Grants - Federal,Intergovernmental,Grants Non Approp,0.0000,44920.0000,0.0000,Public Safety,
2024,Police,Main,,,,Interest on Investments,Miscellaneous,Crime Control,0.0000,28793.2500,0.0000,Public Safety,
2024,HAND,Main,,,,Facility Rentals,Charges for Services,RDC,0.0000,615299.0100,0.0000,Substainable & Economic,
2024,CFRD,Blgtn/Mo Co Human Rights Comm,,,,Donations,Miscellaneous,Community Services,0.0000,2502.2400,0.0000,Community,
2024,Parks & Recreation,YAPA Grant 2024,,,,Grants - State,Intergovernmental,Park Nonreverting Operating,0.0000,0.0000,-13000.0000,Culture & Recreation,
2024,Fire,Next Level Jobs FY24-Emp Trng,,,,Grants - State,Intergovernmental,General,0.0000,40000.0000,0.0000,Public Safety,
2024,Police,2023 Bullet Proof Vest,,,,Grants - Federal,Intergovernmental,Grants Non Approp,0.0000,7358.2000,0.0000,Public Safety,
2024,HAND,Main,,,,Interest on Investments,Miscellaneous,Certified Technology Park Dwntwn,0.0000,1290.7800,0.0000,Substainable & Economic,
2024,Economic & Sustainable Dev,CoB Cultural Plan Development,,,,Grants - State,Intergovernmental,Grants Non Approp,0.0000,3750.0000,0.0000,Culture & Recreation,
2024,Economic & Sustainable Dev,Duke public art grant,,,,Grant - Other,Miscellaneous,Grants Non Approp,0.0000,25000.0000,0.0000,Culture & Recreation,
2024,HAND,Main,,,,Interest on Investments,Miscellaneous,Debt Service Reserve for 518,0.0000,171820.8100,0.0000,Debt Service,
2024,Utilities,Default,,,,Interfund Transfer IN,Other,Sewage Utility Operating,0.0000,17448393.8600,0.0000,Utilities,
2024,HAND,Main,,,,Interest on Investments,Miscellaneous,Consolidated TIF Bond Proceeds,0.0000,17055.7300,0.0000,Substainable & Economic,
2024,Controller's Office,Main,,,,Grants - Federal,Intergovernmental,GO Bonds 2022,0.0000,387264.0000,0.0000,Capital Outlays,
2024,Fire,Mobile Integrated Healthcare,,,,Grants - State,Intergovernmental,General,0.0000,0.0000,50000.0000,Public Safety,
2024,Engineering,Main,,,,Grants - Federal,Intergovernmental,Alternative Transport(S6301),0.0000,23505.5800,0.0000,Highway & Streets,
2024,HAND,Main,,,,Grants - Federal,Intergovernmental,CDBG,0.0000,722502.9800,0.0000,Urban Redevelopment,
2024,Utilities,Default,,,,Interest Debt Reserve,Non-Operating Revenues,Water Debt Service Reserve,0.0000,262515.6600,0.0000,Utilities,
2024,Street,6.0 Training Grant (CDL B),,,,Grants - State,Intergovernmental,Grants Non Approp,0.0000,33710.0000,0.0000,Highway & Streets,
2024,Parks & Recreation,2024-25 21st Century Learn Ctr,,,,Grants - Federal,Intergovernmental,Park Nonreverting Operating,0.0000,17322.4500,0.0000,Culture & Recreation,
2024,HAND,Main,,,,Interest on Investments,Miscellaneous,Surplus CTP Bond,0.0000,7749.5900,0.0000,Debt Service,
2024,Utilities,Default,,,,Interest Debt Reserve,Non-Operating Revenues,Sewer Debt Service Reserve,0.0000,350286.0500,0.0000,Utilities,
2024,Utilities,Default,,,,Interest Construction,Non-Operating Revenues,Sewage Utility Construction (in progress),0.0000,1486563.3800,0.0000,Utilities,
2024,Parks & Recreation,DHPA Banneker Front Steps Grant,,,,Grants - Federal,Intergovernmental,Park Nonreverting Operating,0.0000,0.0000,-22000.0000,Culture & Recreation,
2024,HAND,Main,,,,Principal Repayments,Miscellaneous,CDBG,0.0000,127650.1000,0.0000,Urban Redevelopment,
2024,Parks & Recreation,2024 Griffy Lake LARE Grant,,,,Grants - State,Intergovernmental,Park Nonreverting Operating,0.0000,3400.0000,3400.0000,Culture & Recreation,
2024,Parks & Recreation,2024 Summer Foods Services,,,,Grants - Federal,Intergovernmental,Park Nonreverting Operating,0.0000,10966.3300,21500.0000,Culture & Recreation,
2024,Utilities,Default,,,,Interest Construction,Non-Operating Revenues,Water Utility Construction (in progress),0.0000,140253.1800,0.0000,Utilities,
2024,Public Works,Main,,,,Interest on Investments,Miscellaneous,Bloomington Technology,0.0000,3257.2900,0.0000,Substainable & Economic,
2024,,,,,,None,None,,0.0000,0.0000,-500000.0000,None,
2024,HAND,Main,,,,Interest on Investments,Miscellaneous,RDC,0.0000,131240.8900,0.0000,Substainable & Economic,
2024,Utilities,Default,,,,Stormwater Administrative Fines,Non-Operating Revenues,Storm Water Utility Operating,0.0000,80100.0000,0.0000,Utilities,
2024,Parks & Recreation,2024 Banneker Nature Day,,,,Grant - Other,Miscellaneous,Park Nonreverting Operating,0.0000,4853.9800,0.0000,Culture & Recreation,
2024,Utilities,Administrative & General,,,,Other Water Revenues,Operating Revenues,Water Utility Construction (in progress),0.0000,14504.1800,0.0000,Utilities,